method,complexity,n,first_admissible,final_admissible,task_success,mean_model_calls,mean_latency_ms
prompt_only,C1,24,12,12,12,1,1133.81044457977
prompt_only,C2,24,21,21,19,1,1414.8267220589332
prompt_only,C3,24,19,19,18,1,1287.6377114638065
prompt_only,C4,24,17,17,14,1,1375.0789095647633
agentspec,C1,24,12,23,19,1.75,2167.8878665940524
agentspec,C2,24,21,24,22,1.125,1602.7928093681112
agentspec,C3,24,20,23,21,1.2083333333333333,1731.4994978563238
agentspec,C4,24,17,20,15,1.5,2262.666089363241
policy2sample,C1,24,24,24,24,1,1155.8387832095225
policy2sample,C2,24,24,24,22,1,1407.7631833109383
policy2sample,C3,24,24,24,22,1,1407.0850305142812
policy2sample,C4,24,24,24,20,1,1478.817545323788
