method,retention_bin,n,first_admissible,final_admissible,task_success,mean_model_calls,mean_latency_ms
prompt_only,loose,32,25,25,21,1,1266.3708334293915
prompt_only,medium,32,22,22,21,1,1270.4376947367564
prompt_only,tight,32,22,22,21,1,1371.706812584307
agentspec,loose,32,25,31,25,1.3125,1827.0410437107785
agentspec,medium,32,23,30,24,1.4375,2001.39933306491
agentspec,tight,32,22,29,28,1.4375,1995.194320610608
policy2sample,loose,32,32,32,28,1,1366.895362152718
policy2sample,medium,32,32,32,30,1,1364.289669014397
policy2sample,tight,32,32,32,30,1,1355.9433756017825
